"";"Var1";"Freq"
"1280";"meta-analysis";71
"943";"higher education";58
"681";"educational policy";37
"29";"achievement";32
"2198";"systematic review";28
"1726";"race";26
"865";"gender";24
"550";"descriptive analysis";22
"1591";"policy analysis";21
"10";"academic achievement";20
"1790";"regression analyses";20
"1360";"motivation";19
"756";"equity";18
"1472";"online learning";15
"1876";"school";14
"269";"class inequality";12
"1215";"longitudinal studies";12
"1248";"mathematics education";12
"1676";"program evaluation";12
"1826";"research utilization";12
"1967";"self-regulated learning";12
"2115";"stem";12
"2225";"teacher effectiveness";12
"31";"achievement gap";11
"117";"assessment";11
"200";"blended learning";11
"769";"evaluation";11
"1317";"mixed methods";11
"1615";"postsecondary education";11
"26";"accountability";10
"50";"adolescence";10
"634";"early childhood";10
"657";"education policy";10
"689";"effect size";10
"949";"historical analysis";10
"1024";"inequality";10
"1156";"learning";10
"1158";"learning analytics";10
"1164";"learning environments";10
"1589";"policy";10
"1667";"professional development";10
"1710";"qualitative research";10
"1763";"reading";10
"1837";"retention";10
"1884";"school choice";10
"1895";"school effects";10
"2304";"tracking";10
"126";"at-risk students";9
"560";"development";9
"682";"educational reform";9
"732";"engagement";9
"784";"experimental design";9
"786";"experimental research";9
"1764";"reading comprehension";9
"1818";"research methodology";9
"2131";"structural equation modeling";9
"2221";"teacher education";9
"327";"collaborative learning";8
"514";"curriculum";8
"706";"elementary school";8
"968";"identity";8
"1416";"network meta-analysis";8
"1619";"poverty";8
"1707";"qualitative";8
"2050";"social presence";8
"2349";"urban education";8
"2355";"validity";8
"322";"coleman report";7
"353";"community colleges";7
"495";"cultural capital";7
"601";"disparities";7
"645";"econometric analysis";7
"653";"education";7
"767";"ethnicity";7
"940";"high schools";7
"1301";"middle school";7
"1717";"quantitative research on education";7
"1892";"school discipline";7
"1927";"science education";7
"1987";"ses";7
"2021";"social capital";7
"2043";"social media";7
"2046";"social network analysis";7
"2176";"summer learning";7
"2185";"survey research";7
"2246";"teacher research";7
"250";"charter schools";6
"441";"correlational analysis";6
"597";"discourse analysis";6
"614";"diversity";6
"768";"ethnography";6
"773";"evidence synthesis";6
"899";"graduate education";6
"1103";"interventions";6
"1148";"leadership";6
"1196";"literacy";6
"1243";"mathematics";6
"1392";"multisite studies";6
"1659";"problem solving";6
"1711";"qualitative research on education";6
"1719";"quasi-experimental analysis";6
"1960";"self-efficacy";6
"2022";"social class";6
"2134";"student achievement";6
"2351";"urban schooling";6
"263";"civic engagement";5
"399";"conceptual learning";5
"552";"design practice";5
"658";"education reform";5
"665";"educational attainment";5
"863";"gay";5
"932";"hierarchical linear modeling";5
"1028";"informal learning";5
"1054";"instructional design";5
"1058";"instructional practices";5
"1099";"intersectionality";5
"1216";"longitudinal studies of education";5
"1296";"methodology";5
"1566";"persistence";5
"1584";"pisa";5
"1700";"publication bias";5
"1801";"reliability";5
"1953";"segregation";5
"2040";"social justice";5
"2184";"survey";5
"2212";"teacher assessment";5
"2331";"undergraduate";5
"20";"academic self-concept";4
"55";"adolescents";4
"108";"argumentation";4
"133";"attrition";4
"255";"childhood";4
"314";"cognitive presence";4
"355";"community of inquiry";4
"473";"critical race theory";4
"508";"culture";4
"648";"economics of education";4
"650";"edge computing";4
"667";"educational data mining";4
"670";"educational equity";4
"823";"finance";4
"1000";"inclusion";4
"1002";"inclusivity";4
"1062";"instructional technologies";4
"1069";"intelligent tutoring systems";4
"1091";"internet of things";4
"1109";"iot";4
"1203";"literature searching";4
"1211";"longitudinal";4
"1258";"measurements";4
"1278";"meritocracy";4
"1287";"meta-regression";4
"1623";"practice";4
"1694";"psychology";4
"1696";"psychometrics";4
"1744";"random effects";4
"1912";"school readiness";4
"1947";"secondary data analysis";4
"1948";"secondary education";4
"1959";"self-determination theory";4
"1970";"self-regulation";4
"2029";"social context";4
"2067";"socioeconomic status";4
"2087";"special education";4
"2113";"statistics";4
"2199";"systematic reviews";4
"2282";"testing";4
"2445";"writing";4
"3";"5g";3
"6";"ability grouping";3
"19";"academic performance";3
"34";"achievement goals";3
"116";"aspirations";3
"118";"assessment tools";3
"135";"authentication";3
"174";"bias";3
"181";"bilingual";3
"193";"black education";3
"225";"career choice";3
"231";"case study";3
"306";"cognitive ability";3
"323";"collaboration";3
"340";"college life";3
"344";"college students";3
"365";"comparative education";3
"370";"compensation";3
"389";"computer-supported collaborative learning";3
"423";"content analysis";3
"461";"creativity";3
"477";"critical theory";3
"478";"critical thinking";3
"538";"decision making";3
"562";"developmental education";3
"591";"disability studies";3
"603";"distance education";3
"622";"drone";3
"659";"education research";3
"674";"educational inequality";3
"702";"elementary";3
"709";"elementary schools";3
"712";"elites";3
"744";"english language arts";3
"745";"english language learners";3
"747";"english learners";3
"776";"evidence-based practice";3
"803";"factor analysis";3
"804";"faculty";3
"814";"feedback";3
"824";"financial aid";3
"829";"first year";3
"840";"flipped classroom";3
"872";"gender studies";3
"877";"gentrification";3
"884";"globalization";3
"927";"heterogeneity";3
"963";"hybrid learning";3
"983";"immigrants";3
"984";"immigration";3
"1017";"individual differences";3
"1030";"information retrieval";3
"1057";"instructional methods";3
"1077";"interdisciplinary";3
"1086";"international education";3
"1101";"intervention";3
"1118";"k-12";3
"1119";"kindergarten";3
"1182";"lesbian studies";3
"1201";"literature review";3
"1202";"literature search";3
"1221";"machine learning";3
"1229";"massive open online courses";3
"1307";"minorities";3
"1322";"mixed-methods";3
"1352";"moocs";3
"1377";"multimedia learning";3
"1422";"networks";3
"1449";"observational research";3
"1460";"online assessment";3
"1518";"parent education";3
"1644";"preschool";3
"1652";"principals";3
"1654";"privacy";3
"1669";"professional learning";3
"1671";"professional skills";3
"1747";"random-effects model";3
"1789";"regression";3
"1885";"school climate";3
"1903";"school leadership";3
"1906";"school organization";3
"1925";"science";3
"1978";"sensemaking";3
"1999";"simulation";3
"2048";"social networks";3
"2056";"social studies education";3
"2179";"summer setback";3
"2195";"synthesis";3
"2216";"teacher characteristics";3
"2231";"teacher knowledge";3
"2235";"teacher learning";3
"2255";"teachers";3
"2261";"teaching presence";3
"2272";"technology";3
"2284";"text mining";3
"2310";"transgender";3
"2392";"visualization";3
"2399";"wearable devices";3
"2422";"wireless sensing";3
"2437";"working conditions";3
"8";"absenteeism";2
"12";"academic engagement";2
"22";"accelerometer";2
"27";"accountability policy";2
"32";"achievement gaps";2
"33";"achievement goal";2
"38";"acoustic signals";2
"41";"active learning";2
"46";"adhd";2
"58";"adult education";2
"59";"adult students";2
"71";"affirmative action";2
"88";"analysis";2
"113";"arts";2
"155";"bayesian analysis";2
"162";"bayesian statistics";2
"169";"beliefs";2
"177";"bicultural";2
"183";"binary data";2
"189";"bisexual";2
"230";"case studies";2
"235";"causal attributions";2
"236";"causal inference";2
"241";"cellular";2
"246";"change";2
"251";"cheating";2
"261";"citation searching";2
"262";"civic education";2
"270";"class size";2
"284";"classroom practice";2
"287";"classroom research";2
"295";"cluster analysis";2
"302";"cochrane";2
"305";"cognition";2
"311";"cognitive engagement";2
"312";"cognitive load";2
"326";"collaborative inquiry";2
"338";"college completion";2
"351";"communities of practice";2
"360";"community of practice";2
"376";"completion";2
"383";"comprehension";2
"391";"computers and learning";2
"397";"conceptual change";2
"398";"conceptual knowledge";2
"407";"confidence interval";2
"408";"confidence intervals";2
"417";"constant comparative method";2
"424";"context";2
"434";"cooperative learning";2
"436";"core practices";2
"442";"cost-effectiveness";2
"457";"coverage probability";2
"472";"critical questions";2
"497";"cultural diversity";2
"504";"culturally relevant education";2
"526";"data fusion";2
"532";"data visualization";2
"543";"decoding";2
"554";"design process";2
"556";"design thinking";2
"557";"design-based research";2
"559";"developing countries";2
"564";"device authentication";2
"596";"discourse";2
"598";"discourse network analysis";2
"604";"distance learning";2
"620";"doppler shift";2
"624";"dropout";2
"642";"ec";2
"643";"ecls-k";2
"661";"educational achievement";2
"676";"educational leadership";2
"684";"educational stratification";2
"685";"educational technology";2
"693";"effectiveness";2
"697";"effort";2
"703";"elementary education";2
"724";"empathy";2
"734";"engineering";2
"735";"engineering culture";2
"736";"engineering curriculum";2
"739";"engineering pathways";2
"742";"engineering standards";2
"749";"entrepreneurship";2
"761";"ethics";2
"779";"exclusionary discipline";2
"807";"faculty development";2
"843";"fmcw";2
"850";"framework";2
"860";"funnel plot";2
"864";"gay-straight alliance";2
"892";"governance";2
"893";"gpa";2
"895";"grade";2
"903";"graph theory";2
"905";"grit";2
"910";"group performance";2
"918";"hbcu";2
"919";"head start";2
"937";"high school";2
"971";"ieee 802.11";2
"994";"imu";2
"995";"in-depth interviewing";2
"1009";"indigenous education";2
"1014";"indirect comparison";2
"1032";"information sources";2
"1044";"institutional adoption";2
"1046";"institutional theory";2
"1049";"instruction";2
"1074";"intercultural competence";2
"1092";"internet-of-things";2
"1123";"knowledge construction";2
"1130";"language";2
"1131";"language comprehension";2
"1146";"law";2
"1160";"learning communities";2
"1162";"learning environment";2
"1179";"legal";2
"1181";"lesbian";2
"1195";"linux";2
"1245";"mathematics anxiety";2
"1263";"mediation";2
"1273";"mental health";2
"1290";"metacognition";2
"1302";"middle schools";2
"1304";"migration";2
"1312";"misconceptions";2
"1314";"missing data";2
"1318";"mixed methods research";2
"1321";"mixed treatment comparisons";2
"1330";"mobile computing";2
"1332";"mobile device";2
"1335";"mobile edge computing";2
"1336";"mobile health";2
"1340";"mobile sensing";2
"1350";"moisture";2
"1375";"multilevel modeling";2
"1393";"multivariate meta-analysis";2
"1408";"neighborhood change";2
"1409";"neighborhood effects";2
"1421";"networking";2
"1425";"nfv";2
"1427";"nma";2
"1428";"no child left behind";2
"1434";"noncognitive skills";2
"1441";"number sense";2
"1465";"online discussion";2
"1466";"online education";2
"1471";"online interaction";2
"1483";"opportunity to learn";2
"1486";"oral language";2
"1488";"organization theory";2
"1493";"organizational structure";2
"1519";"parent involvement";2
"1521";"parent relationships";2
"1524";"parental involvement";2
"1528";"parents and families";2
"1540";"peer effects";2
"1542";"peer influence";2
"1548";"peer relations";2
"1550";"peer review";2
"1560";"performance assessment";2
"1572";"phenomenography";2
"1596";"policy-oriented research";2
"1602";"politics";2
"1604";"poor comprehenders";2
"1620";"poverty and education";2
"1626";"practice-based teacher education";2
"1640";"prekindergarten";2
"1653";"prior knowledge";2
"1661";"problem-solving";2
"1670";"professional practice";2
"1672";"professional socialization of teachers";2
"1691";"psychological intervention";2
"1729";"race/ethnicity";2
"1749";"randomized controlled trial";2
"1766";"reading difficulties";2
"1768";"reading fluency";2
"1784";"refugee";2
"1792";"regression discontinuity";2
"1799";"relative tof";2
"1819";"research methods";2
"1822";"research quality";2
"1834";"restorative justice";2
"1838";"retrieval practice";2
"1847";"rfid";2
"1864";"sampling";2
"1872";"scheduling";2
"1886";"school closure";2
"1888";"school context";2
"1889";"school counseling";2
"1897";"school engagement";2
"1921";"school-to-prison pipeline";2
"1922";"school/teacher effectiveness";2
"1923";"schools";2
"1937";"sdn";2
"1956";"self-concept";2
"2019";"social and emotional learning (sel)";2
"2023";"social cognitive career theory";2
"2037";"social inequality";2
"2053";"social responsibility";2
"2055";"social stratification";2
"2057";"social support";2
"2062";"socialization";2
"2069";"sociology";2
"2073";"soil sensing";2
"2078";"spatial ability";2
"2096";"spelling";2
"2128";"stratification";2
"2129";"stress";2
"2138";"student cognition";2
"2144";"student engagement";2
"2153";"student perception";2
"2162";"students' perceptions";2
"2169";"sub-saharan africa";2
"2187";"suspension";2
"2208";"taxonomy";2
"2219";"teacher context";2
"2226";"teacher effects";2
"2227";"teacher evaluation";2
"2244";"teacher professional development";2
"2251";"teacher support";2
"2252";"teacher turnover";2
"2258";"teaching and learning";2
"2271";"teamwork";2
"2308";"transfer";2
"2312";"transitions";2
"2321";"twins";2
"2326";"uav";2
"2332";"undergraduate education";2
"2340";"undocumented students";2
"2352";"urban schools";2
"2356";"validity/reliability";2
"2358";"value-added models";2
"2372";"victimization";2
"2382";"violence";2
"2394";"vocabulary";2
"2400";"wearables";2
"2408";"whatsapp";2
"2409";"whiteness";2
"2410";"wi-fi";2
"2412";"wifi";2
"2414";"wiki";2
"2435";"worked examples";2
"2438";"working memory";2
"2444";"world society theory";2
"2452";"youth programs";2
"1";"1.5 generation";1
"2";"21st century skills";1
"4";"a student composition";1
"5";"ability";1
"7";"ability self-concept";1
"9";"academe";1
"11";"academic analytics";1
"13";"academic interaction";1
"14";"academic interventions";1
"15";"academic labor markets";1
"16";"academic language";1
"17";"academic learning";1
"18";"academic motivation";1
"21";"academic tracking";1
"23";"access";1
"24";"access control";1
"25";"accessibility";1
"28";"accountability testing";1
"30";"achievement discourses";1
"35";"achievement inequality";1
"36";"achievement inequities";1
"37";"achievement sorting";1
"39";"acoustics";1
"40";"action atomization";1
"42";"active visual recognition";1
"43";"activity recognition";1
"44";"adaptive teaching";1
"45";"adaptive video streaming";1
"47";"administration";1
"48";"administrative data";1
"49";"admissions";1
"51";"adolescent cognitive addition";1
"52";"adolescent identity";1
"53";"adolescent literacy";1
"54";"adolescent risk behavior";1
"56";"adoption framework";1
"57";"adult distance learning";1
"60";"advanced coursework";1
"61";"advanced placement";1
"62";"advantage";1
"63";"adverse effects";1
"64";"advice";1
"65";"advice networks";1
"66";"advising";1
"67";"advocacy";1
"68";"advocacy coalition framework";1
"69";"affective computing";1
"70";"affective theories";1
"72";"affordances";1
"73";"african american";1
"74";"african american girls";1
"75";"african americans";1
"76";"age";1
"77";"age-appropriate support";1
"78";"agency";1
"79";"agriculture";1
"80";"algebra";1
"81";"alternative apps";1
"82";"alternative schools";1
"83";"alzheimer's";1
"84";"ambulatory assessment";1
"85";"american higher education";1
"86";"american indian education";1
"87";"an integrated network analysis framework";1
"89";"analysis model";1
"90";"analysis strategies";1
"91";"analytic autoethnography";1
"92";"ancova";1
"93";"and between-individual effects";1
"94";"android malware";1
"95";"android security";1
"96";"android wear";1
"97";"animations";1
"98";"anti-blackness";1
"99";"antideficit";1
"100";"antidepressants";1
"101";"antioppressive";1
"102";"antiracist";1
"103";"apple";1
"104";"application behavior";1
"105";"appraisal";1
"106";"approaches to face-to-face and online discussions";1
"107";"approximate number system (ans)";1
"109";"arithmetic development";1
"110";"arithmetic fluency";1
"111";"arithmetic problem-solving";1
"112";"armed conflict";1
"114";"asian american";1
"115";"asperger";1
"119";"assignment feedback";1
"120";"assignment marking";1
"121";"association-free communication";1
"122";"asynchronous";1
"123";"asynchronous distance learning";1
"124";"asynchronous online discussion";1
"125";"asynchronous video feedback";1
"127";"attainment";1
"128";"attendance";1
"129";"attitude";1
"130";"attitudes";1
"131";"attribution theory";1
"132";"attributions";1
"134";"augmented reality";1
"136";"autism";1
"137";"autoethnography";1
"138";"automated grading";1
"139";"automated scoring and guidance";1
"140";"automated text classification";1
"141";"automaticity";1
"142";"automaticity in word recognition";1
"143";"autonomous motivation";1
"144";"autoregressive latent trajectory model";1
"145";"average response time";1
"146";"award-winning faculty";1
"147";"awdl";1
"148";"bachelor's degree attainment";1
"149";"backscatter";1
"150";"backward methods";1
"151";"barriers";1
"152";"basic addition and subtraction facts";1
"153";"batteries-as-sensors";1
"154";"bayesian";1
"156";"bayesian and frequentist methods";1
"157";"bayesian imputation";1
"158";"bayesian latent class meta";1
"159";"bayesian modelling";1
"160";"bayesian network meta-analysis";1
"161";"bayesian nonparametrics";1
"163";"behavior problems";1
"164";"behavioral decision theory";1
"165";"behavioral pattern";1
"166";"behavioral problems";1
"167";"behavioral regulation";1
"168";"behavioral skills";1
"170";"benevolence";1
"171";"bernstein polynomials";1
"172";"between-school achievement variance";1
"173";"between-study heterogeneity";1
"175";"bibliography";1
"176";"bibliometric review";1
"178";"bifactor models";1
"179";"big five";1
"180";"big-fish-little-pond effect";1
"182";"bilingual learners";1
"184";"binary outcomes";1
"185";"biomarker";1
"186";"biotechnology";1
"187";"biracial";1
"188";"biserial correlation";1
"190";"bite-sized learning";1
"191";"bitrate adaptation";1
"192";"bivariate meta-analysis";1
"194";"black feminist thought";1
"195";"black girls";1
"196";"black men";1
"197";"black students";1
"198";"black women";1
"199";"blended instruction";1
"201";"blended learning adoption stages";1
"202";"blending learning";1
"203";"blog";1
"204";"blogs";1
"205";"blood pressure";1
"206";"bluetooth low energy";1
"207";"body-guided communications";1
"208";"book giveaway programs";1
"209";"bookstart";1
"210";"boomeranging";1
"211";"bootstrap";1
"212";"bottleneck detection";1
"213";"boundary-crossing";1
"214";"bourdieu";1
"215";"brief interventions";1
"216";"broadening participation";1
"217";"bullying";1
"218";"burnout";1
"219";"byod";1
"220";"camera";1
"221";"campus climate";1
"222";"capacitive";1
"223";"career and technical education";1
"224";"career aspiration";1
"226";"career formation";1
"227";"career paths";1
"228";"careers";1
"229";"carrier phases";1
"232";"catchment zones";1
"233";"categorization";1
"234";"category learning";1
"237";"causal modeling";1
"238";"causal path analysis";1
"239";"causal thinking";1
"240";"cdn";1
"242";"cellular network";1
"243";"cellular range extension";1
"244";"center-based child care";1
"245";"central examinations";1
"247";"changes in critical thinking";1
"248";"channel state information";1
"249";"character";1
"252";"checking references";1
"253";"chicana";1
"254";"child development";1
"256";"children";1
"257";"china";1
"258";"chinese characters";1
"259";"chromatic eigenspace";1
"260";"chronic disease management";1
"264";"civic preparation";1
"265";"civil engineering";1
"266";"civil liberties";1
"267";"class";1
"268";"class culture";1
"271";"class video blog";1
"272";"classification error";1
"273";"classmates";1
"274";"classroom";1
"275";"classroom assessment";1
"276";"classroom composition";1
"277";"classroom discourse";1
"278";"classroom discussion";1
"279";"classroom effects";1
"280";"classroom evaluation";1
"281";"classroom interventions";1
"282";"classroom management";1
"283";"classroom observations";1
"285";"classroom processes";1
"286";"classroom quality";1
"288";"classroom sorting";1
"289";"classroom structure";1
"290";"classwide";1
"291";"clinical guidelines";1
"292";"cloud computing";1
"293";"cloud offloading";1
"294";"cloudlet";1
"296";"clustering";1
"297";"cmos";1
"298";"co-curricular";1
"299";"co-design";1
"300";"co-regulation";1
"301";"coaching";1
"303";"cochrane reviews";1
"304";"coefficient of determination";1
"307";"cognitive and noncognitive skills";1
"308";"cognitive behavioral therapy";1
"309";"cognitive development";1
"310";"cognitive emotional and social perceived learning";1
"313";"cognitive operations";1
"315";"cognitive processes";1
"316";"cognitive skills";1
"317";"cognitive strategies";1
"318";"cognitive theories";1
"319";"cognitive tutor";1
"320";"cognitively activating";1
"321";"col survey";1
"324";"collaborative";1
"325";"collaborative caching";1
"328";"collaborative work";1
"329";"collaborative writing environment";1
"330";"collective cheating";1
"331";"collective face wants";1
"332";"collective memory";1
"333";"college";1
"334";"college admission";1
"335";"college admissions";1
"336";"college admissions tests";1
"337";"college attendance and completion";1
"339";"college graduation";1
"341";"college major";1
"342";"college preparation";1
"343";"college readiness";1
"345";"college-going";1
"346";"colleges";1
"347";"colorblind ideology";1
"348";"commensuration";1
"349";"common core";1
"350";"communication skills";1
"352";"community college transfer";1
"354";"community involvement";1
"356";"community of inquiry framework";1
"357";"community of inquiry framework (coi)";1
"358";"community of inquiry model";1
"359";"community of inquiry survey";1
"361";"community schools";1
"362";"community-based leadership";1
"363";"community-based research";1
"364";"comorbidity";1
"366";"comparative education systems";1
"367";"comparative effectiveness research";1
"368";"comparing multiple interventions";1
"369";"comparison";1
"371";"compensatory advantage";1
"372";"competence";1
"373";"competence beliefs";1
"374";"competing risks";1
"375";"competition";1
"377";"complex dynamic systems";1
"378";"complex systems";1
"379";"complexity science";1
"380";"complications";1
"381";"component skills";1
"382";"composite decision rule";1
"384";"compulsory education";1
"385";"computating skills";1
"386";"computer architecture";1
"387";"computer vision";1
"388";"computer-assisted instruction";1
"390";"computer/smartphone competency";1
"392";"concept inventories";1
"393";"concept mapping";1
"394";"concept maps";1
"395";"conceptions of learning through discussions";1
"396";"concepts in practice";1
"400";"conceptual model";1
"401";"conceptual understanding";1
"402";"concerted cultivation";1
"403";"concurrent mixed methods";1
"404";"concussion";1
"405";"conditional cash transfers";1
"406";"conditional dependence";1
"409";"confirmatory factor analyses";1
"410";"confirmatory factor analysis";1
"411";"conflict";1
"412";"conformity";1
"413";"connectedness testing";1
"414";"connection making";1
"415";"connectivism";1
"416";"consistency";1
"418";"constraints";1
"419";"construct validity";1
"420";"constructionism";1
"421";"consumer citizen";1
"422";"containers";1
"425";"context-aware";1
"426";"contextual attainment";1
"427";"contingency tables";1
"428";"continuous authentication";1
"429";"contribution";1
"430";"convener interaction";1
"431";"convolutional neural network";1
"432";"cook's distance";1
"433";"cooperation";1
"435";"cooperative translation";1
"437";"core self-evaluation";1
"438";"corpus linguistics";1
"439";"correlation";1
"440";"correlation of covariates";1
"443";"counselor education";1
"444";"counterfactual interrupted time series";1
"445";"counterstories";1
"446";"couples";1
"447";"coupling";1
"448";"coupling effect";1
"449";"course";1
"450";"course achievement";1
"451";"course design";1
"452";"course enrolment prediction";1
"453";"course satisfaction";1
"454";"course subject";1
"455";"course taking";1
"456";"course-taking";1
"458";"coviewing";1
"459";"cpses";1
"460";"creative expression therapy";1
"462";"credentialism";1
"463";"credit recovery";1
"464";"critical data studies";1
"465";"critical discourse analysis";1
"466";"critical engineering agency";1
"467";"critical feminist ethic of care";1
"468";"critical incident technique";1
"469";"critical interpretive synthesis";1
"470";"critical justice";1
"471";"critical pedagogy";1
"474";"critical race theory (crt)";1
"475";"critical reflection";1
"476";"critical synthesis";1
"479";"critical youth empowerment";1
"480";"crop yield";1
"481";"cross labelling";1
"482";"cross learning";1
"483";"cross-field comparison";1
"484";"cross-frequency communication";1
"485";"cross-layer";1
"486";"cross-linguistic";1
"487";"cross-over";1
"488";"cross-sectional study";1
"489";"cross-technology communication";1
"490";"cross-validation";1
"491";"cscl";1
"492";"cu";1
"493";"cueing";1
"494";"cultural brokering";1
"496";"cultural difference";1
"498";"cultural diversity climate";1
"499";"cultural models";1
"500";"cultural reproduction";1
"501";"cultural responsiveness";1
"502";"cultural-historical activity theory";1
"503";"culturally disruptive pedagogy";1
"505";"culturally relevant pedagogy";1
"506";"culturally responsive education";1
"507";"culturally responsive teaching";1
"509";"cumulative disadvantage";1
"510";"cumulative economic risk";1
"511";"cumulative meta-analysis";1
"512";"current practices";1
"513";"curricular differentiation";1
"515";"customization";1
"516";"cusum";1
"517";"cutoff value";1
"518";"cyber-victimization";1
"519";"d2d";1
"520";"daca";1
"521";"daily variability";1
"522";"data";1
"523";"data abstraction";1
"524";"data analytic";1
"525";"data exchange";1
"527";"data mining";1
"528";"data politics";1
"529";"data sharing";1
"530";"data tracking";1
"531";"data use";1
"533";"data-based decision making";1
"534";"data-based instruction";1
"535";"dating violence";1
"536";"dead reckoning";1
"537";"decentralization";1
"539";"decision science";1
"540";"decision support tool";1
"541";"decision tree";1
"542";"decision-making";1
"544";"deep learning";1
"545";"deep neural networks";1
"546";"degree attainment";1
"547";"democratic citizenship education";1
"548";"demography";1
"549";"dependency";1
"551";"design";1
"553";"design principles";1
"555";"design projects";1
"558";"destination prediction";1
"561";"developmental dyscalculia";1
"563";"deviance";1
"565";"device free";1
"566";"device-free";1
"567";"diagnostic accuracy";1
"568";"diagnostic test accuracy";1
"569";"dialogic learning";1
"570";"dialogic pedagogy";1
"571";"dialogic reading";1
"572";"dichotomization";1
"573";"dier";1
"574";"different data summaries";1
"575";"differential gps";1
"576";"differentiation";1
"577";"digital badges";1
"578";"digital games";1
"579";"digital learning environments";1
"580";"digital literacy skills";1
"581";"digital media";1
"582";"digital reading";1
"583";"digital scholarship";1
"584";"digital storytelling";1
"585";"dimensional comparisons";1
"586";"direct instruction";1
"587";"direct standardization";1
"588";"directness";1
"589";"disability";1
"590";"disability critical race theory (discrit)";1
"592";"disaster studies";1
"593";"disciplinary literacy";1
"594";"discipline disparities";1
"595";"disconnected network";1
"599";"discovery learning";1
"600";"discrimination in hiring";1
"602";"dissemination";1
"605";"distractor";1
"606";"distributed computing";1
"607";"district bureaucratic processes";1
"608";"district central office";1
"609";"district context";1
"610";"district governance";1
"611";"district-wide improvement";1
"612";"divergent thinking";1
"613";"diversionary effect";1
"615";"dns";1
"616";"doa estimation";1
"617";"doctoral education";1
"618";"domain specificity";1
"619";"domains of task";1
"621";"dose-response meta-analysis";1
"623";"drones";1
"625";"dropouts";1
"626";"dual connectivity";1
"627";"dual credit";1
"628";"dual enrollment";1
"629";"dynamic relations";1
"630";"dyslexia";1
"631";"early aera presidents";1
"632";"early career";1
"633";"early career teachers";1
"635";"early childhood education";1
"636";"early childhood education and care";1
"637";"early learning";1
"638";"early literacy";1
"639";"early warning systems";1
"640";"early writing";1
"641";"early-career teachers";1
"644";"ecological validity";1
"646";"economic evaluation";1
"647";"economic mobility";1
"649";"edge caching";1
"651";"edge epc";1
"652";"edtpa";1
"654";"education and developing countries";1
"655";"education for all";1
"656";"education in emergencies";1
"660";"education systems";1
"662";"educational administration";1
"663";"educational aspirations";1
"664";"educational aspirations/expectations";1
"666";"educational authority";1
"668";"educational data science";1
"669";"educational decisions";1
"671";"educational expansion";1
"672";"educational games";1
"673";"educational inequalities";1
"675";"educational innovation";1
"677";"educational measurement";1
"678";"educational media";1
"679";"educational opportunity";1
"680";"educational outcomes";1
"683";"educational robotics";1
"686";"educational tracking";1
"687";"educator evaluation";1
"688";"effect modification";1
"690";"effect-size";1
"691";"effective";1
"692";"effectively maintained inequality (emi)";1
"694";"efficacy";1
"695";"efficacy-effectiveness gap";1
"696";"efficiency";1
"698";"effort-reward imbalance";1
"699";"elearning";1
"700";"electrodermal activity";1
"701";"electronic work integrated learning";1
"704";"elementary home environment";1
"705";"elementary math";1
"707";"elementary school environment";1
"708";"elementary school science";1
"710";"eligibility screening";1
"711";"elite universities";1
"713";"emergence";1
"714";"emergent bilinguals";1
"715";"emos";1
"716";"emotion knowledge";1
"717";"emotion recognition";1
"718";"emotion system";1
"719";"emotional and behavioral disorders";1
"720";"emotional engagement";1
"721";"emotional learning";1
"722";"emotional support";1
"723";"emotional supports";1
"725";"empirical evaluation";1
"726";"empirical research";1
"727";"empirical study";1
"728";"employability";1
"729";"employers";1
"730";"energy consumption";1
"731";"energy efficiency";1
"733";"engineer role models";1
"737";"engineering education";1
"738";"engineering graphics";1
"740";"engineering practice";1
"741";"engineering profession";1
"743";"engineering thinking";1
"746";"english learner";1
"748";"enterprise social network system";1
"750";"environment independent";1
"751";"epc";1
"752";"epistemic cognition";1
"753";"epistemic motivation";1
"754";"epistemological beliefs";1
"755";"eportfolios";1
"757";"equity in education";1
"758";"ethical practices";1
"759";"ethical reasoning";1
"760";"ethical validation";1
"762";"ethnic composition";1
"763";"ethnic disparities";1
"764";"ethnic match";1
"765";"ethnic studies";1
"766";"ethnic-racial identity";1
"770";"evaluation facilitation strategies";1
"771";"evaluative synthesis";1
"772";"every student succeeds act";1
"774";"evidence synthesis methods";1
"775";"evidence-based medicine/standards (mesh)";1
"777";"ewil";1
"778";"exam format)";1
"780";"executive function";1
"781";"expectancy-value theory";1
"782";"expectations";1
"783";"experiences";1
"785";"experimental methods";1
"787";"expertise reversal effect";1
"788";"explanatory item response theory";1
"789";"explicit teaching";1
"790";"exploratory factor analyses";1
"791";"exploratory structural equation modeling (esem)";1
"792";"expulsions";1
"793";"external validity";1
"794";"extracurricular";1
"795";"extracurricular activities";1
"796";"extraneous load";1
"797";"extrapolationtreatment by covariate interactions weight";1
"798";"eye movements";1
"799";"fablabs";1
"800";"face";1
"801";"face threatening act";1
"802";"facebook";1
"805";"faculty adoption";1
"806";"faculty careers";1
"808";"faculty issues";1
"809";"faculty members";1
"810";"false positive rate";1
"811";"family";1
"812";"family engagement";1
"813";"federal indian policy";1
"815";"feedback implementation";1
"816";"feeder patterns";1
"817";"feeling of belonging to a community";1
"818";"fidelity";1
"819";"fidelity of implementation";1
"820";"field";1
"821";"field experiment";1
"822";"figured worlds";1
"825";"fine time measurements";1
"826";"finger gnosis";1
"827";"fingerprint sensor";1
"828";"finite-mixture model";1
"830";"first-generation college students";1
"831";"first-year";1
"832";"first-year engineering";1
"833";"first-year experience";1
"834";"first-year seminar";1
"835";"first-year writing";1
"836";"five factor model of personality (ffm)";1
"837";"fixed effect/random effect hybrid models";1
"838";"fixed effects";1
"839";"flexible data plane";1
"841";"fluency";1
"842";"fluidity";1
"844";"focus groups";1
"845";"food stamps";1
"846";"for-profit schools";1
"847";"formal-informal learning";1
"848";"forward effect of testing";1
"849";"fragile families and child wellbeing study";1
"851";"framework synthesis";1
"852";"frequency-domain equalization";1
"853";"frequent blood pressure monitoring";1
"854";"friendship";1
"855";"friendship processes";1
"856";"friendships";1
"857";"full-day kindergarten";1
"858";"full-duplex wireless";1
"859";"funding of schools";1
"861";"gamification";1
"862";"gamification in education";1
"866";"gender achievement gaps";1
"867";"gender and stem";1
"868";"gender attitudes";1
"869";"gender differences";1
"870";"gender equity";1
"871";"gender inequality";1
"873";"generalizability";1
"874";"generative learning";1
"875";"generic skills";1
"876";"genre analysis";1
"878";"germane load";1
"879";"ggs-ees";1
"880";"ghana";1
"881";"girls and women";1
"882";"global engineering";1
"883";"global south";1
"885";"glossary";1
"886";"go/no-go association task";1
"887";"goal setting";1
"888";"goal structure";1
"889";"goal structures";1
"890";"goodness of fit";1
"891";"google scholar";1
"894";"gpu";1
"896";"grade retention";1
"897";"grades";1
"898";"grading";1
"900";"grant aid";1
"901";"graph";1
"902";"graph drawing";1
"904";"graphical tool";1
"906";"grounded theory";1
"907";"group concept mapping";1
"908";"group interactions";1
"909";"group learning";1
"911";"growth";1
"912";"growth mindset";1
"913";"guidelines";1
"914";"gyroscope";1
"915";"handwriting";1
"916";"harmonic backscatter";1
"917";"hazard model";1
"920";"header impact";1
"921";"health";1
"922";"health care";1
"923";"health policy";1
"924";"health technology assessment";1
"925";"heart rate variability";1
"926";"hero's journey";1
"928";"heterogeneous computing";1
"929";"heterogeneous effects";1
"930";"hidden curriculum";1
"931";"hiearchical semanteme";1
"933";"hierarchical linear models (hlm)";1
"934";"hierarchical modelling";1
"935";"hierarchical relations";1
"936";"hierarchy";1
"938";"high school completion";1
"939";"high school networks";1
"941";"high-stakes decisions";1
"942";"high-stakes testing";1
"944";"higher education (he)";1
"945";"higher education policy";1
"946";"hispanic";1
"947";"hispanic education";1
"948";"hispanic-serving institutions";1
"950";"historical memory";1
"951";"historical reasoning";1
"952";"historical thinking";1
"953";"history";1
"954";"history instruction";1
"955";"history of reading interventions";1
"956";"homework";1
"957";"horizontal mismatches";1
"958";"hsis";1
"959";"human activity recognition";1
"960";"human computer interaction (hci)";1
"961";"hwcu";1
"962";"hybrid detection";1
"964";"hyphenation";1
"965";"i/e model";1
"966";"idea brokers";1
"967";"identities";1
"969";"identity development";1
"970";"identity-based motivation";1
"972";"ill-structured problem solving";1
"973";"image compression";1
"974";"imagination";1
"975";"imagination library";1
"976";"imbalance of covariates";1
"977";"imitation learning";1
"978";"immigrant";1
"979";"immigrant children";1
"980";"immigrant educational selectivity";1
"981";"immigrant optimism";1
"982";"immigrant youth";1
"985";"immigration enforcement";1
"986";"immigration/immigrants";1
"987";"impact";1
"988";"impact evaluation";1
"989";"impact evaluations";1
"990";"implementation";1
"991";"implicit racial bias";1
"992";"improvement";1
"993";"imputation";1
"996";"in-ear blood pressure monitoring";1
"997";"in-ear sensing";1
"998";"in-school outcomes";1
"999";"in-service training";1
"1001";"inclusive education";1
"1003";"incoherence";1
"1004";"income";1
"1005";"inconsistency";1
"1006";"incremental theory of intelligence";1
"1007";"independent living";1
"1008";"indicators";1
"1010";"indigenous leadership";1
"1011";"indigenous mexicans";1
"1012";"indigenous peoples";1
"1013";"indigenous research methodologies";1
"1015";"indirect treatment comparison";1
"1016";"individual";1
"1018";"individual learning";1
"1019";"individual participant data";1
"1020";"individual patient data";1
"1021";"induced body electric potential";1
"1022";"induction";1
"1023";"inequalities";1
"1025";"inference";1
"1026";"influence diagnostics";1
"1027";"influential observations";1
"1029";"information processing";1
"1031";"information services";1
"1033";"information storage and retrieval";1
"1034";"information storage and retrieval (mesh)";1
"1035";"informative missingness odds ratio";1
"1036";"informative missingness parameter";1
"1037";"infrastructure";1
"1038";"innovation";1
"1039";"inquiry";1
"1040";"inquiry learning";1
"1041";"inquiry-based science";1
"1042";"insight into human nature";1
"1043";"instagram";1
"1045";"institutional structure";1
"1047";"institutionalism";1
"1048";"institutions";1
"1050";"instructional approaches";1
"1051";"instructional conditions";1
"1052";"instructional conversation";1
"1053";"instructional decision-making";1
"1055";"instructional improvement and evaluation";1
"1056";"instructional leadership";1
"1059";"instructional rounds";1
"1060";"instructional strategy";1
"1061";"instructional support";1
"1063";"instrumental variable";1
"1064";"integrated literature synthesis";1
"1065";"integration";1
"1066";"integrative data analysis";1
"1067";"intellectual disability";1
"1068";"intelligence";1
"1070";"intensive longitudinal methods";1
"1071";"intent";1
"1072";"interaction characteristic";1
"1073";"interaction difference";1
"1075";"intercultural knowledge";1
"1076";"interdisciplinarity";1
"1078";"intergenerational closure";1
"1079";"intergenerational mobility";1
"1080";"intergenerational stratification";1
"1081";"intergenerational transmission";1
"1082";"interim testing";1
"1083";"interleaved";1
"1084";"interleaving";1
"1085";"international assessment";1
"1087";"international scholarships";1
"1088";"international student mobility";1
"1089";"international tests";1
"1090";"internationalization";1
"1093";"internships";1
"1094";"interpersonal violence";1
"1095";"interpretative phenomenological analysis";1
"1096";"interpretive analysis";1
"1097";"interracial anxiety";1
"1098";"interracial communication";1
"1100";"interval-censored data";1
"1102";"intervention studies";1
"1104";"intrinsic load";1
"1105";"intuition";1
"1106";"inverse probability of treatment weighting";1
"1107";"inverse probability weighting";1
"1108";"ios";1
"1110";"ipd";1
"1111";"ipv4";1
"1112";"ipv6";1
"1113";"isolation";1
"1114";"item development";1
"1115";"judgment accuracy";1
"1116";"justice";1
"1117";"juvenile justice";1
"1120";"kindergarten student entrance profile";1
"1121";"knn classification";1
"1122";"knowledge access";1
"1124";"knowledge production";1
"1125";"knowledge transfer";1
"1126";"knowledge translation";1
"1127";"labeling and stigma";1
"1128";"labor markets";1
"1129";"labor process";1
"1132";"language development";1
"1133";"language learning strategies";1
"1134";"languages";1
"1135";"latent class analysis";1
"1136";"latent modeling";1
"1137";"latent profile analysis";1
"1138";"latent transition analysis";1
"1139";"latina";1
"1140";"latinization";1
"1141";"latino";1
"1142";"latino children";1
"1143";"latino students";1
"1144";"latino/a";1
"1145";"latinx college students";1
"1147";"lay attribution";1
"1149";"learner guidance";1
"1150";"learner online behavior";1
"1151";"learner participation";1
"1152";"learner profiles";1
"1153";"learner-centered methods";1
"1154";"learner-centered pedagogy";1
"1155";"learners";1
"1157";"learning activities";1
"1159";"learning as becoming";1
"1161";"learning crisis";1
"1163";"learning environment design";1
"1165";"learning management system";1
"1166";"learning management systems";1
"1167";"learning method";1
"1168";"learning modality";1
"1169";"learning opportunities";1
"1170";"learning processes";1
"1171";"learning processes/strategies";1
"1172";"learning strategies";1
"1173";"learning strategy";1
"1174";"learning strategy use";1
"1175";"learning success";1
"1176";"learning technology";1
"1177";"learning theory";1
"1178";"learning trajectories";1
"1180";"legitimacy struggles";1
"1183";"leveling";1
"1184";"lgbq";1
"1185";"liberal individualism";1
"1186";"lie";1
"1187";"life course";1
"1188";"life satisfaction";1
"1189";"light fidelity";1
"1190";"linear regression";1
"1191";"linguistic analysis";1
"1192";"linguistic complexity";1
"1193";"linguistic ethnography";1
"1194";"linguistics";1
"1197";"literacy achievement";1
"1198";"literacy instruction";1
"1199";"literacy intervention";1
"1200";"literature education";1
"1204";"liveness detection";1
"1205";"liwc";1
"1206";"lms data";1
"1207";"local influence";1
"1208";"local school district revenue";1
"1209";"location";1
"1210";"long-term academic performance";1
"1212";"longitudinal analysis";1
"1213";"longitudinal data";1
"1214";"longitudinal research";1
"1217";"low-cost sensing";1
"1218";"low-income children";1
"1219";"low-income youth";1
"1220";"lte";1
"1222";"macos";1
"1223";"magnetometer";1
"1224";"mainstreaming";1
"1225";"major choice";1
"1226";"major depressive disorder";1
"1227";"manova";1
"1228";"masking";1
"1230";"masters level learning";1
"1231";"mastery goal perspective";1
"1232";"mastery-approach goals";1
"1233";"matching";1
"1234";"matching-adjusted indirect comparison";1
"1235";"math";1
"1236";"math achievement";1
"1237";"math anxiety";1
"1238";"math education";1
"1239";"math learning";1
"1240";"mathematical difficulties";1
"1241";"mathematical modeling studies";1
"1242";"mathematical modelling";1
"1244";"mathematics achievement";1
"1246";"mathematics competency";1
"1247";"mathematics difficulties";1
"1249";"mathematics identity";1
"1250";"mathematics performance";1
"1251";"mathematics teaching";1
"1252";"mb";1
"1253";"mcscl";1
"1254";"mean squared error";1
"1255";"measurement";1
"1256";"measurement invariance";1
"1257";"measurement of program fidelity";1
"1259";"measures of prominence";1
"1260";"mechanical engineering";1
"1261";"media";1
"1262";"media literacy";1
"1264";"medical decision making";1
"1265";"medical education";1
"1266";"medicine";1
"1267";"medium";1
"1268";"medium naturalness theory";1
"1269";"medline";1
"1270";"medline (mesh)";1
"1271";"memory hierarchy";1
"1272";"mendelian randomization";1
"1274";"mental model";1
"1275";"mentors";1
"1276";"mentorship";1
"1277";"merit";1
"1279";"meta";1
"1281";"meta-analysis for diagnostic accuracy studies";1
"1282";"meta-analysis research utilization";1
"1283";"meta-analytic correlation matrix";1
"1284";"meta-analytic structural equation model";1
"1285";"meta-analytic structural equation modeling";1
"1286";"meta-ethnography";1
"1288";"meta-research";1
"1289";"meta-review";1
"1291";"metacognitive behavior";1
"1292";"metacognitive scaffolding";1
"1293";"metacognitive skills";1
"1294";"metacomprehension accuracy";1
"1295";"metadata";1
"1297";"methods";1
"1298";"mexican";1
"1299";"mexican american hispanic education";1
"1300";"middle childhood";1
"1303";"middlebox";1
"1305";"millimeter wave";1
"1306";"mimic model";1
"1308";"minority students";1
"1309";"minority threat";1
"1310";"minority-serving institutions";1
"1311";"mischievous responders";1
"1313";"mismatch hypothesis";1
"1315";"missing not at random";1
"1316";"missing outcome data";1
"1319";"mixed methods reviews";1
"1320";"mixed treatment comparison";1
"1323";"mixed-race";1
"1324";"mixed-treatment comparison";1
"1325";"mixtec";1
"1326";"mobile and wireless";1
"1327";"mobile applications";1
"1328";"mobile augmented reality";1
"1329";"mobile base station";1
"1331";"mobile deep learning";1
"1333";"mobile device management";1
"1334";"mobile devices";1
"1337";"mobile instant messaging (mim)";1
"1338";"mobile learning";1
"1339";"mobile network";1
"1341";"mobile web";1
"1342";"mobility";1
"1343";"mobility management";1
"1344";"model generation";1
"1345";"model misspecification";1
"1346";"model-eliciting activities";1
"1347";"moderation";1
"1348";"moderation analysis";1
"1349";"moderators";1
"1351";"mooc";1
"1353";"moral disengagement";1
"1354";"morphological";1
"1355";"morphological awareness";1
"1356";"motion estimation";1
"1357";"motion sensing";1
"1358";"motion tracking";1
"1359";"motivated reasoning";1
"1361";"motivational transfer";1
"1362";"mslq";1
"1363";"multi-arm trials";1
"1364";"multi-hop";1
"1365";"multi-level model (mlm)";1
"1366";"multicultural education";1
"1367";"multiculturalism";1
"1368";"multidimensionality";1
"1369";"multiethnic schools";1
"1370";"multilevel analysis";1
"1371";"multilevel confirmatory factor analysis";1
"1372";"multilevel growth modeling";1
"1373";"multilevel meta-analysis";1
"1374";"multilevel model";1
"1376";"multilevel research";1
"1378";"multimedia theory";1
"1379";"multimodal methods";1
"1380";"multimodality";1
"1381";"multinodal data";1
"1382";"multinomial logistic regression";1
"1383";"multiple choice";1
"1384";"multiple representations";1
"1385";"multiple testing";1
"1386";"multiple treatments";1
"1387";"multiple treatments meta-analysis";1
"1388";"multiple-goal perspective";1
"1389";"multiple-treatment meta-analysis";1
"1390";"multiplication facts";1
"1391";"multiplicity";1
"1394";"naep";1
"1395";"nanotechnology";1
"1396";"narrative";1
"1397";"narrative synthesis";1
"1398";"narrative theory";1
"1399";"narrowband";1
"1400";"national sample";1
"1401";"national survey data";1
"1402";"native american";1
"1403";"natural experiment";1
"1404";"natural experiments";1
"1405";"natural language interface";1
"1406";"natural language processing";1
"1407";"negative numbers";1
"1410";"neighborhood poverty";1
"1411";"neighborhoods";1
"1412";"nested nemo";1
"1413";"netlink";1
"1414";"netnography";1
"1415";"network latency";1
"1417";"network mobility";1
"1418";"network slices";1
"1419";"networked learning";1
"1420";"networked practice";1
"1423";"neural networks";1
"1424";"neuroscience";1
"1426";"ngss";1
"1429";"node splitting";1
"1430";"non-monotonic change";1
"1431";"non-native chinese character learning";1
"1432";"non-native chinese character processing model";1
"1433";"non-traditional students";1
"1435";"nonformal education";1
"1436";"nonsymbolic magnitude comparison";1
"1437";"nontraditional undergraduates";1
"1438";"nonverbal";1
"1439";"north african french";1
"1440";"number lines";1
"1442";"numeracy";1
"1443";"numeracy intervention";1
"1444";"numerical cognition";1
"1445";"o";1
"1446";"o immigrant students";1
"1447";"obesity";1
"1448";"observation protocols";1
"1450";"occupational plans";1
"1451";"off-task behavior";1
"1452";"off-task participation";1
"1453";"off-the-shelf camera";1
"1454";"office discipline referral";1
"1455";"on-body communication";1
"1456";"on-campus";1
"1457";"one-mode and two-mode network analysis";1
"1458";"one-to-one laptop program";1
"1459";"online";1
"1461";"online collaborative writing";1
"1462";"online communication and collaboration";1
"1463";"online course";1
"1464";"online courses";1
"1467";"online enrollment patterns";1
"1468";"online higher education";1
"1469";"online instruction";1
"1470";"online instructor participatory role";1
"1473";"online learning community";1
"1474";"online networks";1
"1475";"online student profile";1
"1476";"online survey";1
"1477";"online teaching";1
"1478";"online teaching presence";1
"1479";"online writing instruction";1
"1480";"open online education";1
"1481";"open-ended survey";1
"1482";"opportunities to learn";1
"1484";"optimization";1
"1485";"oral history";1
"1487";"oral language proficiency";1
"1489";"organization theory/change";1
"1490";"organizational culture";1
"1491";"organizational differentiation";1
"1492";"organizational research";1
"1494";"organizational theory";1
"1495";"organizations";1
"1496";"orientation";1
"1497";"orientation program";1
"1498";"orientation tracking";1
"1499";"orthographic";1
"1500";"orthographic consistency";1
"1501";"orthographic distance";1
"1502";"ou analyse";1
"1503";"outcome regression";1
"1504";"outcomes";1
"1505";"outlier detection";1
"1506";"outliers";1
"1507";"over-the-top (ott) service";1
"1508";"overall treatment effect";1
"1509";"overeducation";1
"1510";"overview";1
"1511";"overview of reviews";1
"1512";"p-hacking";1
"1513";"paired design";1
"1514";"paradigm expansion";1
"1515";"paradigms";1
"1516";"parallel";1
"1517";"parallel computing";1
"1520";"parent preferences";1
"1522";"parental cultural capital";1
"1523";"parental help with homework";1
"1525";"parental networks";1
"1526";"parental school involvement";1
"1527";"parenting logics";1
"1529";"partially overlapping samples";1
"1530";"participation patterns";1
"1531";"participatory culture";1
"1532";"pasec";1
"1533";"path analysis";1
"1534";"pathway analysis";1
"1535";"pbis";1
"1536";"peace";1
"1537";"pedagogical design";1
"1538";"pedagogy";1
"1539";"peer assessment";1
"1541";"peer feedback";1
"1543";"peer instruction";1
"1544";"peer interaction";1
"1545";"peer learning";1
"1546";"peer networks";1
"1547";"peer norms";1
"1549";"peer relationships";1
"1551";"peer victimization";1
"1552";"peer-assessor and peer-assessee profiles";1
"1553";"peer-mediated interventions";1
"1554";"people identification";1
"1555";"per-touch authentication";1
"1556";"perceived control";1
"1557";"perceived relevance";1
"1558";"perceived social support";1
"1559";"performance";1
"1561";"performance feedback";1
"1562";"performance metrics";1
"1563";"performance self-efficacy";1
"1564";"performance-approach goals";1
"1565";"periphery scholarship";1
"1567";"personal use";1
"1568";"perspective";1
"1569";"perturbation schemes";1
"1570";"phase error calibration";1
"1571";"phased array";1
"1573";"phenomenology";1
"1574";"philippines";1
"1575";"phonological";1
"1576";"phonological awareness";1
"1577";"photoplethysmography (ppg)";1
"1578";"photovoice";1
"1579";"physical layer security";1
"1580";"physics instruction";1
"1581";"pictures";1
"1582";"pinterest";1
"1583";"pipeline programs";1
"1585";"pleiotropy";1
"1586";"pln";1
"1587";"plot";1
"1588";"policies";1
"1590";"policy adoption";1
"1592";"policy antecedents";1
"1593";"policy change";1
"1594";"policy formation mechanisms";1
"1595";"policy networks";1
"1597";"political attitudes";1
"1598";"political effects of schooling";1
"1599";"political engagement";1
"1600";"political interest";1
"1601";"politically defined school boundaries";1
"1603";"polysemy";1
"1605";"popularity";1
"1606";"popularity in school";1
"1607";"population adjustment";1
"1608";"portfolio model";1
"1609";"positive feedback bias";1
"1610";"positive youth development";1
"1611";"post-conflict education";1
"1612";"post-school outcomes";1
"1613";"postcolonial education";1
"1614";"postgraduates";1
"1616";"postsecondary employment";1
"1617";"postsecondary transfer";1
"1618";"potential game";1
"1621";"power calculations";1
"1622";"power saving";1
"1624";"practice test";1
"1625";"practice-based professional development";1
"1627";"practicum";1
"1628";"pre-class preparedness";1
"1629";"pre-k quality";1
"1630";"pre-school programs";1
"1631";"precision agriculture";1
"1632";"prediction";1
"1633";"prediction modelling";1
"1634";"prediction of academic performance";1
"1635";"predictive learning analytics (pla)";1
"1636";"predictive validity";1
"1637";"predictors";1
"1638";"prefetching";1
"1639";"prek";1
"1641";"premed";1
"1642";"preparation";1
"1643";"prerequisite learning";1
"1645";"preschoolers";1
"1646";"preservice teachers";1
"1647";"president";1
"1648";"prevention";1
"1649";"primary education";1
"1650";"principal effectiveness";1
"1651";"principal turnover";1
"1655";"private schools";1
"1656";"privatization";1
"1657";"probe stuffing";1
"1658";"problem representation";1
"1660";"problem-centered instruction";1
"1662";"procedural knowledge";1
"1663";"procedural learning";1
"1664";"procedure repetition";1
"1665";"processes and perceptions";1
"1666";"productive citizen";1
"1668";"professional identity";1
"1673";"professional use";1
"1674";"prognostic study";1
"1675";"program design";1
"1677";"program integrity";1
"1678";"project based learning";1
"1679";"project-based learning";1
"1680";"promise programs";1
"1681";"propensity score matching";1
"1682";"propensity score-based approach";1
"1683";"propensity scores";1
"1684";"prosocial and socially responsible behavior";1
"1685";"protection";1
"1686";"proximity";1
"1687";"proxy variable";1
"1688";"pseudo individual participant data";1
"1689";"psoriasis";1
"1690";"psychological engagement";1
"1692";"psychological ownership";1
"1693";"psychological safety";1
"1695";"psychometric multidimensionality";1
"1697";"public health";1
"1698";"public health guidance";1
"1699";"public transportation";1
"1701";"publication selection";1
"1702";"punctuated equilibrium";1
"1703";"pupil ability";1
"1704";"pupil participation";1
"1705";"purposes of education";1
"1706";"pwi";1
"1708";"qualitative evidence synthesis";1
"1709";"qualitative methods";1
"1712";"quality talk";1
"1713";"quantification";1
"1714";"quantitative";1
"1715";"quantitative analysis";1
"1716";"quantitative analysis, framework proposal";1
"1718";"quantitative research on education on education";1
"1720";"quasi-experimental methods";1
"1721";"queer data";1
"1722";"questioning youth";1
"1723";"questionnaire development";1
"1724";"r";1
"1725";"r statistical platform";1
"1727";"race and education";1
"1728";"race and ethnicity matching";1
"1730";"racial";1
"1731";"racial and economic inequality";1
"1732";"racial attitudes";1
"1733";"racial composition";1
"1734";"racial discrimination";1
"1735";"racial equity";1
"1736";"racial matching";1
"1737";"racial proxy";1
"1738";"racial segregation";1
"1739";"raciolinguistic enregisterment";1
"1740";"radar graphs";1
"1741";"radical cues";1
"1742";"ran";1
"1743";"ran virtualization";1
"1745";"random effects model";1
"1746";"random-effects meta-analysis";1
"1748";"random-effects models";1
"1750";"randomized experiment";1
"1751";"randomized experiments";1
"1752";"randomized trial";1
"1753";"ranging evaluation";1
"1754";"rapid prototyping";1
"1755";"rapid review";1
"1756";"rare events";1
"1757";"rasch models";1
"1758";"rational choice";1
"1759";"rationalization";1
"1760";"rct";1
"1761";"re-categorization";1
"1762";"reach out and read";1
"1765";"reading demands";1
"1767";"reading disabilities";1
"1769";"reading intervention";1
"1770";"reading motivation";1
"1771";"reading strategy";1
"1772";"real-time object detection";1
"1773";"realist research";1
"1774";"received operating characteristic curves";1
"1775";"received signal strength indicator";1
"1776";"reciprocal peer assessment";1
"1777";"reclassification";1
"1778";"recommendations";1
"1779";"redundancy";1
"1780";"reflection";1
"1781";"reflective journal";1
"1782";"reflexive principlism";1
"1783";"reform mathematics";1
"1785";"refugees";1
"1786";"refutation text";1
"1787";"regime change";1
"1788";"regionalization";1
"1791";"regression analysis";1
"1793";"regulated learning";1
"1794";"reimbursement";1
"1795";"relatedness";1
"1796";"relational reasoning";1
"1797";"relationships with faculty";1
"1798";"relative risk aversion";1
"1800";"relevance intervention";1
"1802";"repeatable research";1
"1803";"repeating";1
"1804";"repetitive interests";1
"1805";"report card grades";1
"1806";"reporting standards";1
"1807";"representation";1
"1808";"representational competence";1
"1809";"representational guidance";1
"1810";"reproducibility";1
"1811";"reproducing";1
"1812";"reproduction";1
"1813";"research approaches";1
"1814";"research ethics";1
"1815";"research evaluation criteria";1
"1816";"research funding";1
"1817";"research method";1
"1820";"research policy";1
"1821";"research productivity";1
"1823";"research synthesis";1
"1824";"research training";1
"1825";"research use";1
"1827";"residential mobility";1
"1828";"residuals";1
"1829";"resource allocation in schools";1
"1830";"resource management";1
"1831";"resource-challenged";1
"1832";"responsive teaching";1
"1833";"restorative intervention";1
"1835";"restricted interests";1
"1836";"resume audit study";1
"1839";"retrieval-based learning";1
"1840";"reverse progress";1
"1841";"review literature as topic (mesh)";1
"1842";"review methods";1
"1843";"review of research";1
"1844";"review of reviews";1
"1845";"revisions";1
"1846";"rfd";1
"1848";"rightful presence";1
"1849";"rio";1
"1850";"risk of bias";1
"1851";"robotic networks";1
"1852";"robust variance estimator";1
"1853";"roc curve";1
"1854";"role ambiguity";1
"1855";"role conflict";1
"1856";"role of schools in achievement";1
"1857";"route prediction";1
"1858";"rti";1
"1859";"ruling relations";1
"1860";"rural";1
"1861";"rural education";1
"1862";"russia";1
"1863";"sample size";1
"1865";"sampling variance";1
"1866";"sat and act";1
"1867";"savings for college";1
"1868";"scaffold";1
"1869";"scalability";1
"1870";"scalability and sustainability of la";1
"1871";"scalable implementation";1
"1873";"schema instruction";1
"1874";"scholarly development";1
"1875";"schoo";1
"1877";"school achievement";1
"1878";"school attendance";1
"1879";"school behaviors";1
"1880";"school belonging";1
"1881";"school capacity";1
"1882";"school catchment zones";1
"1883";"school change";1
"1887";"school composition";1
"1890";"school counselors";1
"1891";"school curricula";1
"1893";"school discipline disparities";1
"1894";"school effectiveness";1
"1896";"school effects study";1
"1898";"school enrollment";1
"1899";"school exclusion";1
"1900";"school facilities";1
"1901";"school grades";1
"1902";"school improvement grants";1
"1904";"school mobility";1
"1905";"school neighborhood disadvantage";1
"1907";"school outcomes";1
"1908";"school partnerships";1
"1909";"school performance";1
"1910";"school preferences";1
"1911";"school principal job satisfaction";1
"1913";"school safety";1
"1914";"school size";1
"1915";"school to work";1
"1916";"school transitions";1
"1917";"school turnaround";1
"1918";"school violence policy";1
"1919";"school-community relations";1
"1920";"school-level tracking";1
"1924";"schools as bureaucracies";1
"1926";"science achievement";1
"1928";"science inquiry";1
"1929";"science mapping";1
"1930";"science of assessment";1
"1931";"science of instruction";1
"1932";"science of learning";1
"1933";"science-writing";1
"1934";"scientific literacy";1
"1935";"scoping review";1
"1936";"scripting";1
"1938";"seamless computing";1
"1939";"search strategies";1
"1940";"search strategy";1
"1941";"searching";1
"1942";"seasonal comparisons";1
"1943";"seasonal learning";1
"1944";"second-generation advantage";1
"1945";"second/foreign language acquisition";1
"1946";"secondary";1
"1949";"secondary school";1
"1950";"secondary transition";1
"1951";"secure input";1
"1952";"security";1
"1954";"selection bias";1
"1955";"self-affirmation";1
"1957";"self-control";1
"1958";"self-determination";1
"1961";"self-enhancement";1
"1962";"self-esteem";1
"1963";"self-explaining";1
"1964";"self-explanations";1
"1965";"self-monitoring";1
"1966";"self-placement";1
"1968";"self-regulated learning (srl) strategies";1
"1969";"self-regulated learning strategies";1
"1971";"self-teaching";1
"1972";"sem";1
"1973";"semantic based activity search";1
"1974";"semi-parametric bayesian analysis";1
"1975";"semiconductors";1
"1976";"senior (capstone) design";1
"1977";"sense of belonging";1
"1979";"sensing";1
"1980";"sensitivity analysis";1
"1981";"sensor fusion";1
"1982";"sentiments";1
"1983";"sequential analysis";1
"1984";"sequential meta-analysis";1
"1985";"serial naming";1
"1986";"service migration";1
"1988";"setting";1
"1989";"sexual minorities";1
"1990";"sexual orientation";1
"1991";"sexuality";1
"1992";"shared parameter models";1
"1993";"shrunken estimates";1
"1994";"sidestepping";1
"1995";"signaling";1
"1996";"significance chasing bias";1
"1997";"silent relay attack";1
"1998";"similarity";1
"2000";"simulation study";1
"2001";"simulations";1
"2002";"singapore";1
"2003";"situated learning";1
"2004";"situation model";1
"2005";"situational judgment test";1
"2006";"situative perspective";1
"2007";"skill development";1
"2008";"skill training";1
"2009";"small population";1
"2010";"small-study effect";1
"2011";"smartball";1
"2012";"smartphone";1
"2013";"smartphone app choice";1
"2014";"smartwatches";1
"2015";"snap";1
"2016";"snapchat";1
"2017";"soccer";1
"2018";"social ability";1
"2020";"social annotation";1
"2024";"social cognitive theories";1
"2025";"social comparison";1
"2026";"social comparisons";1
"2027";"social competence";1
"2028";"social connectedness";1
"2030";"social contrast";1
"2031";"social cues";1
"2032";"social disparities";1
"2033";"social emotional learning";1
"2034";"social goal";1
"2035";"social goals";1
"2036";"social identity theory";1
"2038";"social interaction";1
"2039";"social interdependence";1
"2041";"social justice curriculum and pedagogy";1
"2042";"social learning theory";1
"2044";"social models";1
"2045";"social network";1
"2047";"social network sites (snss)";1
"2049";"social origin";1
"2051";"social problem solving";1
"2052";"social psychology";1
"2054";"social segregation";1
"2058";"social-emotional";1
"2059";"social-emotional learning";1
"2060";"social-emotional learning (sel)";1
"2061";"social-emotional outcomes";1
"2063";"societal evaluations about occupations";1
"2064";"sociocognitive conflict";1
"2065";"sociocultural learning";1
"2066";"socioeconomic inequality";1
"2068";"socioeconomic status (ses)";1
"2070";"sociology of education";1
"2071";"software";1
"2072";"software-defined radios";1
"2074";"southeast asian";1
"2075";"space";1
"2076";"spanish speaking";1
"2077";"sparse outcomes";1
"2079";"spatial analysis";1
"2080";"spatial contiguity effect";1
"2081";"spatial injustice";1
"2082";"spatial skills";1
"2083";"spatial skills]";1
"2084";"spatial split-attention principle";1
"2085";"spatial thinking";1
"2086";"spatio-temporal data analysis";1
"2088";"special education teacher";1
"2089";"special needs";1
"2090";"specific reading comprehension difficulties";1
"2091";"spectrometry";1
"2092";"spectrophotometry";1
"2093";"spectrum measurement";1
"2094";"speech proficiency development";1
"2095";"speed prediction";1
"2097";"split attention";1
"2098";"ssis-cip";1
"2099";"staff training";1
"2100";"stage-environment fit";1
"2101";"standard error";1
"2102";"standard setting";1
"2103";"standardized test performance";1
"2104";"standardized testing";1
"2105";"standards";1
"2106";"statcheck";1
"2107";"state tests";1
"2108";"static analysis";1
"2109";"static sensors";1
"2110";"statics education";1
"2111";"statistical error";1
"2112";"statistical power";1
"2114";"status attainment";1
"2116";"stem disparities";1
"2117";"stem education";1
"2118";"stem identity";1
"2119";"stem integration";1
"2120";"stem reform";1
"2121";"stereotype beliefs";1
"2122";"stereotype vulnerability";1
"2123";"strategic action fields";1
"2124";"strategies";1
"2125";"strategy choice model";1
"2126";"strategy instruction";1
"2127";"strategy patterns";1
"2130";"structural equation model";1
"2132";"structural equation models";1
"2133";"struggling readers";1
"2135";"student and teacher learning";1
"2136";"student assessment";1
"2137";"student attachment to school";1
"2139";"student commuting";1
"2140";"student debt";1
"2141";"student development";1
"2142";"student disengagement";1
"2143";"student diversity";1
"2145";"student engagement and group awareness";1
"2146";"student experience";1
"2147";"student fixed effects";1
"2148";"student information systems";1
"2149";"student knowledge";1
"2150";"student learning outcomes";1
"2151";"student mobility";1
"2152";"student motivation";1
"2154";"student perceptions";1
"2155";"student personality traits";1
"2156";"student race/ethnicity";1
"2157";"student rating";1
"2158";"student retention";1
"2159";"student visibility";1
"2160";"student work and educational effects";1
"2161";"students of color";1
"2163";"studio";1
"2164";"study abroad";1
"2165";"study paradigm";1
"2166";"study selection";1
"2167";"study strategies";1
"2168";"study-test congruence";1
"2170";"subjective task value";1
"2171";"suboptimal model";1
"2172";"subtyping";1
"2173";"successful completion of the course";1
"2174";"sufficient statistics";1
"2175";"summary receiver operating characteristic curve";1
"2177";"summer learning loss";1
"2178";"summer session";1
"2180";"super-resolution";1
"2181";"supervised learning";1
"2182";"supplemental instruction";1
"2183";"support vector machine";1
"2186";"survival analysis";1
"2188";"suspensions";1
"2189";"sustainable development goals";1
"2190";"swamping";1
"2191";"syllables";1
"2192";"symbolic boundaries";1
"2193";"synchronous e-learning";1
"2194";"synchronous hybrid";1
"2196";"synthesis methods";1
"2197";"synthesis of regression";1
"2200";"systematic search";1
"2201";"systematic synthesis";1
"2202";"systemic injustices";1
"2203";"systems thinking";1
"2204";"tag array";1
"2205";"talis-pisa";1
"2206";"task requirements";1
"2207";"task values";1
"2209";"taylor'slaw";1
"2210";"teacher accountability";1
"2211";"teacher adaptation";1
"2213";"teacher attrition";1
"2214";"teacher bias";1
"2215";"teacher certification";1
"2217";"teacher cognition";1
"2218";"teacher collaboration";1
"2220";"teacher decision making";1
"2222";"teacher education preparation";1
"2223";"teacher education/development";1
"2224";"teacher educators";1
"2228";"teacher flexibility";1
"2229";"teacher job satisfaction";1
"2230";"teacher judgment";1
"2232";"teacher knowledge development";1
"2233";"teacher labor markets";1
"2234";"teacher leadership";1
"2236";"teacher metacognition";1
"2237";"teacher mobility";1
"2238";"teacher noncognitive characteristics";1
"2239";"teacher online participation";1
"2240";"teacher perceptions";1
"2241";"teacher personality";1
"2242";"teacher preparation";1
"2243";"teacher preparation in sub-saharan africa";1
"2245";"teacher race/ethnicity";1
"2247";"teacher salary";1
"2248";"teacher self-efficacy";1
"2249";"teacher sensitivity";1
"2250";"teacher study groups";1
"2253";"teacher well-being";1
"2254";"teacher-student relationships";1
"2256";"teachers of color";1
"2257";"teachers' perspectives";1
"2259";"teaching and learning with technology";1
"2260";"teaching performance assessment";1
"2262";"teaching profession";1
"2263";"teaching quality";1
"2264";"teaching skills";1
"2265";"teaching use";1
"2266";"team dynamics";1
"2267";"team learning";1
"2268";"team member satisfaction";1
"2269";"team-based learning";1
"2270";"teams";1
"2273";"temperamental regulation";1
"2274";"tenure and promotion";1
"2275";"terrorism";1
"2276";"test";1
"2277";"test format (syn";1
"2278";"test item format";1
"2279";"test theory";1
"2280";"testbed";1
"2281";"testimonio methodology";1
"2283";"testing effect";1
"2285";"textbooks";1
"2286";"textual analysis";1
"2287";"theoretical integration";1
"2288";"theory of planned behavior";1
"2289";"thermodynamics";1
"2290";"threat";1
"2291";"threshold analysis";1
"2292";"tifi";1
"2293";"time";1
"2294";"time series analysis";1
"2295";"time-on-task";1
"2296";"time-to-event model";1
"2297";"timss";1
"2298";"tinkering";1
"2299";"toll systems";1
"2300";"topic models";1
"2301";"topology discovery";1
"2302";"topology poisoning";1
"2303";"touchpad";1
"2305";"training evaluation";1
"2306";"trajectories";1
"2307";"trajectories of peer victimization";1
"2309";"transformative discourse";1
"2311";"transition to adulthood";1
"2313";"transmission of advantage";1
"2314";"transportability";1
"2315";"trauma";1
"2316";"treatment";1
"2317";"treatment-covariate interaction";1
"2318";"trial design";1
"2319";"trusted execution environment";1
"2320";"tutoring";1
"2322";"twitter";1
"2323";"two-dimensional shape composition";1
"2324";"two-sample summary data mr";1
"2325";"two-way videoconferencing";1
"2327";"uav-based lie networks";1
"2328";"ultraviolet sensing";1
"2329";"umbrella review";1
"2330";"unauthorized students";1
"2333";"undergraduate engineering";1
"2334";"undergraduate research";1
"2335";"undergraduates";1
"2336";"underlay";1
"2337";"underrepresentation";1
"2338";"underrepresented students";1
"2339";"underserved students";1
"2341";"univariate meta-analysis";1
"2342";"universities";1
"2343";"university entry";1
"2344";"university students";1
"2345";"university teaching and learning";1
"2346";"unsupervised learning";1
"2347";"upgrading";1
"2348";"urban";1
"2350";"urban redevelopment";1
"2353";"usrp";1
"2354";"utility value";1
"2357";"value-added analysis";1
"2359";"values";1
"2360";"variance";1
"2361";"variance cross-over design";1
"2362";"variance-stabilizing transformation";1
"2363";"vector space model";1
"2364";"vehicle diagnostics";1
"2365";"vehicular mobility modeling";1
"2366";"vehicular network";1
"2367";"vehicular networking";1
"2368";"verbal";1
"2369";"verbal working memory";1
"2370";"vernacularization";1
"2371";"vibration recognition";1
"2373";"video";1
"2374";"video analytics";1
"2375";"video chat scam";1
"2376";"video instruction";1
"2377";"video telephony";1
"2378";"video-cued multivocal ethnographic study";1
"2379";"videoconferencing";1
"2380";"videos";1
"2381";"vignettes";1
"2383";"virtual cluster placement";1
"2384";"virtual panopticon";1
"2385";"virtual schools";1
"2386";"virtual sensing";1
"2387";"visible light communication";1
"2388";"visual analytics";1
"2389";"visual assessment";1
"2390";"visual imagery";1
"2391";"visual representations";1
"2393";"visualization [syn";1
"2395";"vocational education";1
"2396";"water monitoring";1
"2397";"wealth";1
"2398";"wearable computing";1
"2401";"web 2.0";1
"2402";"web of science";1
"2403";"web-based learning";1
"2404";"web-based science learning";1
"2405";"web-based simulation";1
"2406";"web-based training";1
"2407";"wenger";1
"2411";"wideband self-interference cancellation";1
"2413";"wifi localization";1
"2415";"wikipedia";1
"2416";"wil";1
"2417";"willingness to communicate";1
"2418";"wireless";1
"2419";"wireless backscattering";1
"2420";"wireless edge networks";1
"2421";"wireless lan emulation";1
"2423";"wireless signals";1
"2424";"within";1
"2425";"within-family inequality";1
"2426";"women in stem";1
"2427";"women of color";1
"2428";"word reading";1
"2429";"word reading fluency";1
"2430";"word recognition";1
"2431";"work";1
"2432";"work integrated learning";1
"2433";"work-family policies";1
"2434";"worked example";1
"2436";"workforce development";1
"2439";"working memory load";1
"2440";"workplace culture";1
"2441";"workplace practice";1
"2442";"workplace preparation";1
"2443";"world society";1
"2446";"writing studies";1
"2447";"written communication";1
"2448";"wss score";1
"2449";"young women and stem";1
"2450";"youth organizing";1
"2451";"youth participatory action research";1
"2453";"zero-tolerance policy";1
"2454";"zigbee";1
"2455";"zoom videoconferencing technology";1
